chunk_id,resolved_text,unresolved_mentions
1a05beb7aa3071be6fd7::c0000,(Nasdaq: ON) a leader in intelligent power and sensing technologies today announced that Sineng Electric will integrate onsemi EliteSiC silic,CACHE_IDENTITY_FALLBACK
8e922bc62b578e73e815::c0000,To deliver 21st-century government services Governors and cabinet members need leaders with technology expertise to help design and implement policy priorities. It is imperative for state ...,CACHE_IDENTITY_FALLBACK
4bd7afdba71243b0dbcd::c0000,In February GreenPages acquired Toronto-based Zanaris an IT automation cloud and DevOps services firm ... Steve Burke has been reporting on the technology industry and sales channel for ...,CACHE_IDENTITY_FALLBACK
6633c15d86f5e81f47b8::c0000,Kubernetes is a technology that has created a whole new ecosystem around itself and it is now a key plank in the DevOps movement when it comes to developing new applications and services and improving business operations Antony Savvas attended the recent ...,CACHE_IDENTITY_FALLBACK
4ce72a4490a6a618e2d5::c0000,Health information management (HIM) is a diverse yet evolving field that incorporates medicine management finance information technology ... software vendors consulting services government agencies education and pharmaceutical companies.,CACHE_IDENTITY_FALLBACK
00bf56b1ff85b6f5aaa5::c0000,We are announcing 2019''s annual Chief FOIA Officers'' Council meeting co-chaired by the Director of OGIS and the Director of OIP.,CACHE_IDENTITY_FALLBACK
5f54d2695696a7b61748::c0000,Welcome to Press Gazette’s directory of recommended companies providing services to the news publishing industry. Contact Richard Jamieson to enquire about working with Press Gazette as a ...,CACHE_IDENTITY_FALLBACK
f9038f2ec250a401856d::c0000,Uber HP and more in the latest Market Talks covering Technology Media and Telecom.,CACHE_IDENTITY_FALLBACK
0d5f20e331717d289cee::c0000,A specialized GIS & Mobility engineering services provider celebrates 25 Years of Enhancing Possibilities; eyes global expansion on Devdiscourse,CACHE_IDENTITY_FALLBACK
2df5d1d531fcccf74438::c0000,5 Incremental borrowing done in FY (T)(a) 0.00 6 Mandatory borrowing to be done through debt securities in FY (T) (b) = (25% of a) 0.00 7 Actual borrowing done through debt securities in FY (T)(c) 0.00 8 Shortfall in the borrowing through debt securities ...,CACHE_IDENTITY_FALLBACK
e6f458adb39e8a23889e::c0000,Stewart Information Services Corporation is in the property and casualty insurance industry. STC holds a 10% market share in the title market and operates in multiple countries. The company is ...,CACHE_IDENTITY_FALLBACK
24e2333c327a81eca0f6::c0000,Whichever way businesses accomplish it network visibility is essential for helping IT departments to ensure uptime and security. Mark Leary research director for network analytics and automation at IDC,CACHE_IDENTITY_FALLBACK
328f4ff89d95e972a00f::c0000,Green Information Technology Service market Report 2023 helps to gain a comprehensive understanding of the industry landscape spot growth prospects such as targeted strategies services ...,CACHE_IDENTITY_FALLBACK
7ac7c9c97aac23e234ea::c0000,For further information and assistance regarding the dynaCERT Fleet Services Expo Team and dynaCERT’s HydraGEN™ Carbon Emission Reduction Technology line of commercial products please contact: dynaCERT’s Participation in the Ottawa Fleet Services ...,CACHE_IDENTITY_FALLBACK
37086f833cf0b2a400a7::c0000,With this IAS is now the first verification provider accessible within the APS Connections Marketplace – a services marketplace where publishers can easily activate multiple technology solutions saving them time and resources and creating new revenue ...,CACHE_IDENTITY_FALLBACK
91fb385552ca075515cf::c0000,Mobile First is a miserable slogan but people in the Nordics are far happier than us and they adopted this strategy. So what does it actually mean? Continue Reading,CACHE_IDENTITY_FALLBACK
46de4639bae27ff41d8a::c0000,Hello everyone and welcome to the ISG 2022 Fourth Quarter and Full Year Results Call. My name is Charlie and I will be coordinating the call today. This call is being recorded and a replay will b ...,CACHE_IDENTITY_FALLBACK
f982dd2920614d44fec3::c0000,"Intelligent Technical Solutions ('""ITS'"") a portfolio company of Tower Arch Capital is pleased to announce that it has acquired Granite Computer Solutions ( Tempe AZ ) BrightWire Networks ( Olympia",CACHE_IDENTITY_FALLBACK
c93002837c287180b0c5::c0000,and information and communication technology. Aretum becomes the fourth company backed by Renovus in the government services market alongside Data Serv Deep Water Point & Associates and Insight ...,CACHE_IDENTITY_FALLBACK
e9572dff3399577a7996::c0000,and technology. We highlighted this approach in Top Considerations that Impact Decision-Making and many other articles geared toward helping companies begin their MLOps journey. Our unique approach was ideal for a Financial Services Company looking to ...,CACHE_IDENTITY_FALLBACK
ea76b71e88232361f308::c0000,with limited technology-based services. We expect this to continue for the rest of today. We’re aiming to open Reading Rooms at St Pancras tomorrow and to offer services as normal but please look out for more information in case of further changes.,CACHE_IDENTITY_FALLBACK
30eabd8710efff4abc2e::c0000,SIOS Technology Corp . an industry leader in application high availability (HA) and disaster recovery (DR) today announced it has partnered with ACP IT Solutions GmbH Dresden that supports customers throughout Germany,CACHE_IDENTITY_FALLBACK
5e1e0c4bba9da0998bc0::c0000,YouTube TV also earns the No. 1 spot in our Best Sports Streaming Services of 2023 rating. YouTube TV’s base plan costs $64.99 per month and offers more than 85 channels including sports ...,CACHE_IDENTITY_FALLBACK
f72955d8ffe5ac53791f::c0000,Iridium Communications Inc. (Nasdaq: IRDM) announced it has created a first-of-its-kind program in support of the Smithsonian Institution''s Movement of Life Initiative which advances conservation through the science of animal tracking.,CACHE_IDENTITY_FALLBACK
e8c7698ca94b690ef93e::c0000,Barry Holt; Senior Advisor; Information Services Group ... a leading global health care technology company awarded ISG a new million dollar ISG governance contract. The contract extends our scope of services with this client which has 140 active GovernX ...,CACHE_IDENTITY_FALLBACK
6cd6e6fbd37cef499912::c0000,The new Synchronoss Personal Cloud platform enables telecom operators to offer premium and value-added services to backup and manage files photos videos and digital content stored on mobile phones and other devices.,CACHE_IDENTITY_FALLBACK
54cb9940114826d5798b::c0000,LONDON Aug 4 (Reuters) - British fintech Revolut will stop allowing U.S. customers to access cryptocurrencies the company said in a statement on Friday citing the regulatory environment and ...,CACHE_IDENTITY_FALLBACK
391d8c6c09f3574ace59::c0000,Crexendo announced today that Jenne Cloud Services Brokerage is a new Technology Services Brokerage for its VIP Business Communications Platform ®. The VIP platform is an all-in-one cloud ...,CACHE_IDENTITY_FALLBACK
ee9ba1b52419f51c9eb3::c0000,"'""The Prospect Lake Clean Water Center is designed with a focus on sustainability using state-of-the-art nano-filtration and ion exchange technology ... and Utilities. For more information please visit www.ridgewoodinfrastructure.com.",CACHE_IDENTITY_FALLBACK
4e64a14446ac31837805::c0000,Stocks that fared better than broader markets and equity benchmarks included HDFC Bank L&T Technology Services and HPCL. HDFC Bank has formed a Doji or High Wave kind of pattern on the daily ...,CACHE_IDENTITY_FALLBACK
43bdd40313e396c6a385::c0000,The collaboration includes the family of GORE® Protein Capture Devices with Protein A which improves productivity in Protein A affinity purification and provides high binding capacity at short residence times alongside AGC Biologics’ mAb-based CDMO ...,CACHE_IDENTITY_FALLBACK
50be7564ed17e17f3356::c0000,Together with its complete line of liquid-handling equipment and services Rain for Rent can create solutions that result in responsible sustainable operations. For more information visit rainforrent.com or call (800) 742-7246.,CACHE_IDENTITY_FALLBACK
94a62a94ab16d915b043::c0000,MANILA – Kyndryl (NYSE: KD) the world’s largest technology infrastructure services provider today announced that more than 500 global enterprise customers are operational on Kyndryl ...,CACHE_IDENTITY_FALLBACK
bc6b456aa5e8126cdfe6::c0000,The Biden administration has appointed former Small Business Administration technology adviser Ann Lewis as director of Technology Transformation Services at the General ... the chief technology officer and chief information officer. Cohen-Levy also ...,CACHE_IDENTITY_FALLBACK
54d02d03b666fe038c85::c0000,The number of video streaming services available has increased dramatically over the past few years as everyone including Apple Disney and ESPN decides they want a piece of the pie. The days ...,CACHE_IDENTITY_FALLBACK
24e33fc9975ee9006332::c0000,The global demand for condition monitoring services is projected to surpass the valuation of US$ 6.79 Billion by 2031 end. As suggested by a new Future Market Insights (FMI) report substantial growth in the condition monitoring service market is mainly backed by the growth of the power generation industry,CACHE_IDENTITY_FALLBACK
205f0cf8bc6aaf179ac3::c0000,The 100% online Bachelor of Science in Computer Information Technology (CIT) program at WKU can help you prepare for many exciting career options. CIT has become an integral part of modern life and business. Among its most important functions are the ...,CACHE_IDENTITY_FALLBACK
9e535834568566c9d418::c0000,Read our research on: World Leaders | Artificial Intelligence | Affirmative Action Read our research on: World Leaders | Artificial Intelligence | Affirmative Action COVID-19 & Technology More than 44 million #BlackLivesMatter tweets from nearly 10 million ...,CACHE_IDENTITY_FALLBACK
9f294f933ee0012011e0::c0000,This course covers basic materials in discrete structure and algorithms which are used in computing science information technology and telecommunications ... knowledge to understand the technologies and services that enable cloud computing discusses ...,CACHE_IDENTITY_FALLBACK
1a10a81ab65b6b84a05e::c0000,The Human Services Technology (HST) curriculum prepares students for entry-level positions in institutions and agencies that provide education and social and community services to enable people to live more autonomous satisfying productive lives.,CACHE_IDENTITY_FALLBACK
ec6023f7a724b7e945e9::c0000,Applications specific services and practicing sound digital hygiene all contribute to the ease with which malicious entities can access your information and determine the extent of data accessible for potential theft. Think of data broker sites as ...,CACHE_IDENTITY_FALLBACK
3ac1a0d4fdc98952e374::c0000,Citi has launched a token service using blockchain technology to offer digital asset solutions for its institutional clients the lender announced Monday. The new service called Citi Token Services will convert clients’ deposits into digital tokens ...,CACHE_IDENTITY_FALLBACK
99f8ce77e2f393b9bdc5::c0000,LeanTaaS Acquires Hospital IQ to Create AI Innovator for Hospital Operations Optimization. LeanTaaS Inc. a Silicon Valley-based leading provider of AI-powered and SaaS-based cap,CACHE_IDENTITY_FALLBACK
ad39674c1e91442967c9::c0000,Attra will operate under the Synechron brand as Synechron Payments following full integration within SynechronNEW YORK TORONTO Ohio,CACHE_IDENTITY_FALLBACK
f70eb6bfbe59734b6a02::c0000,The IP address of all posts is recorded to aid in enforcing these conditions. As a user you agree to any information you have entered being stored in a database. You agree that we have the right to remove edit move or close any topic or board at any time ...,CACHE_IDENTITY_FALLBACK
9da575e8349099c4da83::c0000,If you’re someone with sensory processing issues you might also have a tough time with your emotional regulation. Emotional regulation allows us to manage and express our emotions in a healthy and adaptive manner.,CACHE_IDENTITY_FALLBACK
ef0b07436a0a914a91f5::c0000,"Odyssey will join ATS'' Process Automation Solutions ('""PA'"") business a leading provider of automation and digitalization solutions for the process and manufacturing industries. Od",CACHE_IDENTITY_FALLBACK
f3e8a8e7216d442b7971::c0000,As we approach our winter break we want to update you on ITS Helpdesk hours and our availability to assist you. The Helpdesk will be closed for the winter break from December 23 - January 2 2023. ITS will continue to monitor systems. Here are some ...,CACHE_IDENTITY_FALLBACK
67de1c052ef8ee466663::c0000,DALLAS--(BUSINESS WIRE)--Prolucent Health ® a leading provider of enterprise-wide healthcare workforce optimization software and services today announced a new technology partnership with UKG ...,CACHE_IDENTITY_FALLBACK
34673a08900f4189c7ce::c0000,ever. Credentials Author of the award-winning NY Times-reviewed nonfiction book The Tetris Effect; Longtime consumer technology expert for CBS Mornings Gaming streaming services are available and ...,CACHE_IDENTITY_FALLBACK
e948b001f32eb2916b00::c0000,Artificial Intelligence (AI) and blockchain technology in terms of the finance industry and bitcoin could provide a key for efficient transactions. Financial services require ... customer data and inventory information needed to determine where to ...,CACHE_IDENTITY_FALLBACK
1d747c0d942f7885e7b3::c0000,Synchrony Financial (NYSE:SYF)’s traded shares stood at 3.63 million during the last session with the company’s beta value hitting 1.57. At the close of trading the stock’s price was $33.69 to imply a decrease of -0.,CACHE_IDENTITY_FALLBACK
865c9af63776d20d05bf::c0000,Zelenka executive vice president chief financial officer and chief information officer has won the 2023 Bronze Stevie ® Award for Technology ... business-to-business services company and ...,CACHE_IDENTITY_FALLBACK
e2cb0c7b0a65f7211e15::c0000,While identity theft services can alert you if your personal information appears on the dark web or is misused it''s important to understand that these services can''t prevent fraud from happening.,CACHE_IDENTITY_FALLBACK
4c8e9044ab0a5a6808a6::c0000,That’s something that the team at Amazon Web Services (AWS) fully understands. Through their Artificial Intelligence (AI)/machine learning (ML) technology they help businesses like ADP ...,CACHE_IDENTITY_FALLBACK
8b1186c8b6807105bd03::c0000,Bioremediation Technology and Services Market Research Report is spread across 106 Pages and provides exclusive data information vital statistics trends and competitive landscape details in ...,CACHE_IDENTITY_FALLBACK
8e8a2550455f4ecc767e::c0000,Ethiopia mobile value-added services market was valued at US$ 1434.5 million in 2022 and is projected to attain a valuation of US$ 7479.7 million by 2031 at a CAGR of 20.14% during the forecast period 2023–2031. Global optical design software market ...,CACHE_IDENTITY_FALLBACK
1b39e0f4ccc2e647c275::c0000,Nearly 9000 people were robbed in Chicago last year according to police data. Unlike other victims Anthony Driver is president of the commission helping to select a new police superintendent.,CACHE_IDENTITY_FALLBACK
d6011293806bc96c3895::c0000,Technology services refer to the vast array of services support and solutions that are aimed at enhancing and optimizing the use of information technology in a business or organization. With the advent of advanced technologies businesses across diverse ...,CACHE_IDENTITY_FALLBACK
6914cb9c88c38463c38f::c0000,24 highly rated Information Technology stocks were evaluated by means of a multi-factor value matrix. The value matrix is a broad effort to identify those Information Technology stocks that are ...,CACHE_IDENTITY_FALLBACK
6f26357f3b491431d308::c0000,The Company is a subsidiary of Newlinks Technology Limited a leading energy digitalization group in China. NaaS provides one-stop services to ... and the industry. All information provided ...,CACHE_IDENTITY_FALLBACK
822c630a2495b6dff619::c0000,Downdetector a platform known for reporting the status of various websites and services also re-affirms the same that ... As of now there is no exact information on what caused a country-wide outage of the Jio Fiber network. This is not the first time ...,CACHE_IDENTITY_FALLBACK
428ed79eddcc1e3980f2::c0000,“Those of us who follow and work with technology tend to be more logical and analytical in their thinking” said Jim Love chief information officer (CIO) of IT World Canada. “We don’t ...,CACHE_IDENTITY_FALLBACK
f1391fa5a247669805c4::c0000,Is technology making music ... and support services. Music Connection exists to serve artists and music people to offer connections to the unconnected and to provide exclusive information that can help our readers take their music to the next level.,CACHE_IDENTITY_FALLBACK
3e0e1ce05c009d6cee11::c0000,Leaders of the Navy and Marine Corps spoke at the Sea-Air-Space expo on how to counter Chinese and Russian disinformation. Military Times © 2023 Military Times © 2023,CACHE_IDENTITY_FALLBACK
bda2ad54594d1ccf4ec8::c0000,The BSIST is an applied Information Technology and Data Science degree that teaches students to design and build IT and data solutions with a user-centered approach. Graduates will have the skills to analyze users’ information problems provide solutions ...,CACHE_IDENTITY_FALLBACK
3069083d55bfd7d7f1cb::c0000,The Oyo state Government has revealed that it is switching to technology to drive revenue collection in order to curb every form of revenue leakage in,CACHE_IDENTITY_FALLBACK
9454249f6f55e42e497c::c0000,Mercans the global frontrunner in payroll technology has recently been named a Leader in NelsonHall’s annual NEAT assessment of the leading payroll companies across the globe. Among multi ...,CACHE_IDENTITY_FALLBACK
47d50bb1c2bd5e9f2a45::c0000,First Orion Hiya Join Neustar TNS to Unify Enterprise Call Vetting Core Communications ChannelVision Magazine,CACHE_IDENTITY_FALLBACK
e932445090da75b8ccf6::c0000,Fidelity National Information Services ... is one of the largest providers of technology to banks but the company sought to widen its reach with the acquisition of Cincinnati-based Worldpay and its technology services for merchants.,CACHE_IDENTITY_FALLBACK
d7780588f2f2dfd15ca1::c0000,Freshworks Inc. (NASDAQ: FRSH) today announced the launch of its AI-powered Customer Service Suite which brings together self-service bots agent-led conversational messaging and automated ticketing management in an all-in-one solution.,CACHE_IDENTITY_FALLBACK
7a5d5318675abc95f53b::c0000,Eseye a pioneer of integrated cellular IoT connectivity solutions today announced that it has been positioned by Gartner® as a Visionary in the 2023 Magic Quadrant™ for Managed IoT Connectivity Services Worldwide for its advanced offering.,CACHE_IDENTITY_FALLBACK
42783172562d380902ba::c0000,To ensure this doesn’t happen in the future please enable Javascript and cookies in your browser. Is this happening to you frequently? Please report it on our ...,CACHE_IDENTITY_FALLBACK
7c5e88e7b3e60a535fa2::c0000,To encourage innovative research the IoT architecture of the Espinardo campus will include FIWARE: the open-source technology ... services and communication infrastructure. For more information ...,CACHE_IDENTITY_FALLBACK
ab1d771b4619c4a10e5a::c0000,Industry veteran Chris Barber leads the eastern regional team to provide sales and service that transforms companies’ distribution and fulfillment operations.,CACHE_IDENTITY_FALLBACK
a99df60b77a4081b2cf8::c0000,Nintendo started server maintenance that might temporarily make the Nintendo Switch Online service unavailable.,CACHE_IDENTITY_FALLBACK
f97319155372aaf4ff0d::c0000,Synthetik Applied Technologies and Saleria today announced the successful conclusion of negotiations to merge the two companies. The transaction creates a,CACHE_IDENTITY_FALLBACK
f58908ba6f80b8ed6e3c::c0000,We have also embarked on a journey to co-create solutions such as R3 for duplicate payment removal and Net Promoter Score (NPS) improvement for Information Technology Services Management processes. Together we have optimized field services transformation ...,CACHE_IDENTITY_FALLBACK
4b907bbb535472c4877e::c0000,EDA specialist Synopsys has recently announced its collaboration with TSMC to deliver digital and custom design EDA flows on the foundry''s most advanced N2 (2nm) process aiming to meet stringent design targets on next-generation system-on-chips (SoCs).,CACHE_IDENTITY_FALLBACK
59962ceebb61a6ef7d43::c0000,At Food Hotel Tech 2023 (14 – 15 March 2023 Porte de Versailles Paris) international POS solutions provider Star Micronics will be exhibiting its latest solutions for hospitality POS mobile ordering,CACHE_IDENTITY_FALLBACK
98449132e9a0675e977d::c0000,Ambedkar Memorial Institute of Information Technology and Management Science ... Additionally DAMITS Rourkela provides students with a range of placement services including as assisting them in finding and applying for employment preparing them for ...,CACHE_IDENTITY_FALLBACK
adfdcbde940e4362ce02::c0000,This is his sixth book and at present he is the Head of Managed Services KPMG Netherlands. In this interview he speaks about embracing technology leading from the heart and dealing with layoffs.,CACHE_IDENTITY_FALLBACK
15499a6ad60f9ef2500b::c0000,Investment firm will acquire CoolIT Systems which makes systems designed to prevent computing hardware from overheating.,CACHE_IDENTITY_FALLBACK
12580d3d9ae2a4638b6f::c0000,The award was won by a company called Level Ex which uses video game technology to serve the ... we store cookies on your browser to collect information. The information collected might relate ...,CACHE_IDENTITY_FALLBACK
ec34bfe11bac90212e58::c0000,The company offers its solutions to various sectors including healthcare education oil and gas telecommunications government consumer products technology IT and financial services. Read More on NOW: SHARE THIS POST ServiceNow NewsMORE Related Stocks ...,CACHE_IDENTITY_FALLBACK
a75590d21e68cf765c79::c0000,Pioneering technology uses light to decarbonize chemical production helping manufacturers reduce both emissions and operational costs.,CACHE_IDENTITY_FALLBACK
f2a20c3f98c3fb8dc3cc::c0000,As a global Microsoft partner IFI Techsolutions continues to verify its excellence in customer delivery and technical expertise via the Microsoft Azure Expert MSP program.,CACHE_IDENTITY_FALLBACK
cc4c329e538f931a34c7::c0000,The Center for Information Technology in Education (CITE) was established in 1989 at the University of Houston College of Education. It supports college employees and students with their technological needs. Learn more about CITE services by visiting our ...,CACHE_IDENTITY_FALLBACK
ca980ca849e1e6f3885b::c0000,The building and construction industry has been forced to rethink and innovate to solve some of the issues affecting it,CACHE_IDENTITY_FALLBACK
302c68cfcdef99cf0eb7::c0000,Polso™ the company''s Remote Patient Monitoring (RPM) solution achieving 510(k) clearance from the U.S. Food and Drug Administration (FDA). Initial indications include monitoring of blood oxygen saturation (SpO 2),CACHE_IDENTITY_FALLBACK
891c886a17b9285467e6::c0000,The Department of Health and Human Services (HHS) is a Cabinet-level ... The CDC focuses on science and technology to prevent diseases manages the nation''s biggest health problems that cause ...,CACHE_IDENTITY_FALLBACK
452645a488a55910006f::c0000,Smart Eye the leading developer of Driver Monitoring System (DMS) technology to the automotive industry today announced it has signed a breakthrough,CACHE_IDENTITY_FALLBACK
e82484dc9a4b83374ddf::c0000,Integrated Electrical Services Inc. (IESC) on Tuesday reported fiscal fourth-quarter net income of $16.2 million. On a per-share basis the Houston-based company said it had profit of 72 cents.,CACHE_IDENTITY_FALLBACK
589fb0d33079c529cdc2::c0000,Walt Disney Docebo and more featured in the latest Market Talks covering Technology Media and Telecom.,CACHE_IDENTITY_FALLBACK
1cdd57985c5c7b1f3cb7::c0000,To qualify companies must operate in many sectors under the technology umbrella. This includes semiconductors wireless telecommunications services and IT services. This information technology ...,CACHE_IDENTITY_FALLBACK
527d290f99bf3e80da40::c0000,A report by the publisher states that the global bioremediation technology and services market highlights a CAGR of 8.70% during the forecast period 2022-2028. The factors that contribute to the ...,CACHE_IDENTITY_FALLBACK
072c44618517c62e4d05::c0000,Moreover Consumer behavior analysis and market dynamics (drivers restraints opportunities) provides crucial information for knowing the Technology Research Services market. Growing demand for ...,CACHE_IDENTITY_FALLBACK
2c9bbb9ce200e19b2ccc::c0000,Credit monitoring services can provide you with early notice of potential fraud on your credit report so you can take steps to protect your personal information. While these services can''t ...,CACHE_IDENTITY_FALLBACK
33f76af2d7f1afee070c::c0000,New collaboration through the Microsoft Airband Initiative will increase internet availability for 5 million people across Africa and an additional 5 million people around the world by the end of 2025 REDMOND,CACHE_IDENTITY_FALLBACK
861ca2079d38e7406d8b::c0000,Managed services as a means of outsourcing to reduce cost and improve the performance and support of live services,CACHE_IDENTITY_FALLBACK
2373d95259772acd2345::c0000,Systems Solution Inc. (SSI) a leading provider of IT solutions and consulting for business today announced that they are opening their new office in Wayne PA. After almost three decades in their King of Prussia headquarters,CACHE_IDENTITY_FALLBACK
8ac7c345d1242cd76f39::c0000,The Indian IT & business services industry is expected to grow to US$ 19.93 billion by 2025. Spending on information technology in India is expected to reach US$ 144 billion in 2023. By 2026 widespread cloud utilisation can provide employment ...,CACHE_IDENTITY_FALLBACK
080bd6cffe5449a9deb1::c0000,Heartland Value Fund highlighted stocks like Stewart Information Services Corporation (NYSE:STC) in the third quarter 2023 investor letter. Headquartered in Houston Texas Stewart Information ...,CACHE_IDENTITY_FALLBACK
f52732efbb44233161cd::c0000,Moreover Consumer behavior analysis and market dynamics (drivers restraints opportunities) provides crucial information for knowing the Technology Research Services market. Global Technology ...,CACHE_IDENTITY_FALLBACK
b79a700c32d38dfbb808::c0000,"Signifying a change in the company''s product development approach DI is calling the shift '""ReIMagination.'"" The first app to be developed within the DI Gateway framework part of IM 2023 is called Test Properties. Moving forward all new DI lab automation and productivity web apps will be developed within this framework.",CACHE_IDENTITY_FALLBACK
cc37c494a36b0fe49d3b::c0000,Learn how to design evaluate and apply information technology systems in a business setting. You’ll take account of human organisational and strategic factors. communicating concepts designs and evaluation within a technical environment. We offer two ...,CACHE_IDENTITY_FALLBACK
b0c89383f0f9abc2ef5c::c0000,contact information major business Animation and Bioremediation Technology & Services Consumption Market introduction etc. Animation and Bioremediation Technology & Services Consumption Market ...,CACHE_IDENTITY_FALLBACK
c4d5799acafccf29c69d::c0000,One of the most important attributes of Information Technology (IT) policies is that they be readily available. That's why we publish the most current policies that impact our users' ability to take advantage of UD's information technologies. These ...,CACHE_IDENTITY_FALLBACK
712ba9de8385e8aa0ac5::c0000,This makes it one of the best safe haven information technology stocks for your portfolio. The overwhelming bulk of Google’s income comes from its Google services division. This is mainly ads in-app purchases and sales of apps. In Q4 2021 this ...,CACHE_IDENTITY_FALLBACK
1f489e7663655b779350::c0000,The Equipment Leasing and Finance Association announced that Oakmont Capital Services is the recipient of the 2023 Operations and Technology Excellence Award. The company’s award-winning project will be showcased during the ELFA’s Operations ...,CACHE_IDENTITY_FALLBACK
4ea42e86d3f83a1bb40c::c0000,provides drug information services to the New York State Department of Health (NYSDOH) Medicaid Program. The goal of the DIRC is to provide timely evidence-based drug information to the NYSDOH Medicaid program by serving as a resource for the NYS Drug ...,CACHE_IDENTITY_FALLBACK
916a3ebf144f682693af::c0000,It was not immediately clear how many locations operated by Prospect Medical Holdings were affected but some sites had to cut back services or ... code and develop the technology for these systems ...,CACHE_IDENTITY_FALLBACK
43525680cf79636dc9e6::c0000,Most students dream of pursuing the Bachelor Of Business Information Technology (BBIT) course. However some do not know much about this awesome programme. An in-depth look at this course regarding requirements institutions offering it and fees ...,CACHE_IDENTITY_FALLBACK
2e7e3fe453017bd97551::c0000,Contact your information technology support staff for ... Learn more about the pre-approval process for technology accessed via a web browser or vendor hosted cloud services and subscriptions. This includes e-learning platforms online testing ...,CACHE_IDENTITY_FALLBACK
2bb4c531d8c7aa813a06::c0000,Athyrium invests across all healthcare verticals including biopharma medical devices and products healthcare focused services and healthcare information technology. The team partners with management teams to implement creative financing solutions to ...,CACHE_IDENTITY_FALLBACK
4063bcdde7016da1f8f2::c0000,ISG (Information Services Group) (Nasdaq: III) is a leading global technology research and advisory firm. A trusted business partner to more than 700 clients including more than 75 of the world''s top 100 enterprises ISG is committed to helping ...,CACHE_IDENTITY_FALLBACK
6e9ebbb87e0aad1a621a::c0000,where we explore workflow effectiveness through optimized information sharing and collaboration across robust real-time distribution technology.,CACHE_IDENTITY_FALLBACK
2f4797dfd5503abb2230::c0000,"The '""Global System Integrator Market for Industrial Automation by Service Outlook Technology (HMI SCADA MES IIoT PAM DCS PLC Machine Vision Industrial Robotics Industrial PC) Industry and Region (North America",CACHE_IDENTITY_FALLBACK
6e98fe5cf8dc8536e458::c0000,About Converge Converge Technology Solutions Corp. is a software-enabled IT & Cloud Solutions provider focused on delivering industry-leading solutions and services. Converge's global solution ...,CACHE_IDENTITY_FALLBACK
aae0cde6aa5936507114::c0000,Bengaluru Karnataka India: L&T Technology Services Limited (BSE ... 2022. For more information please visit www.LTTS.com Thales (Euronext Paris: HO) is a global leader in advanced technologies ...,CACHE_IDENTITY_FALLBACK
0dada0b4eeb22de7f0e3::c0000,It will be one of Europe’s largest data center campuses responding to the large international technology companies'' growing demand. For more information about Colt visit www.colt.net For more ...,CACHE_IDENTITY_FALLBACK
8558ae812cf7531af5ad::c0000,The higher ed technology services company Apogee has acquired Cumulus Technology Services Inc. intending to build out its portfolio of cloud services to serve customers shifting away from on-prem ...,CACHE_IDENTITY_FALLBACK
ec3245868eeaa973ca35::c0000,You can develop the skills to redefine your IT career with the online MS in Information Technology General Information Technology at Capella. Choose courses that align with your goals in the field of IT including: analytics cybersecurity project ...,CACHE_IDENTITY_FALLBACK
b78a3e8e1fbfd8bed3f1::c0000,A web3 company founded by a team of former nCino (Nasdaq: NCNO) technologists has raised $3.8 million. Nathan Snell co-founder and CEO of Wilmington-based Raleon said the six-person team will be hiring as it builds out its platform. The success of the ...,CACHE_IDENTITY_FALLBACK
9cc09eb5c5964203c7c0::c0000,The bulk of the key insights in this study are based on in-depth information gleaned from primary and secondary data collection data. The Global Industrial Services Market can be segmented based ...,CACHE_IDENTITY_FALLBACK
72ff44ac6bc220df7d85::c0000,Market Express in Hollywood Casino at Greektown is a new grab-and-go market powered by Amazon’s Just Walk Out technology and Amazon One ... have increased their use of online banking services via computers or tablets and 40 percent used more mobile ...,CACHE_IDENTITY_FALLBACK
1906ed4e6e32c255c7af::c0000,The global IoT device market is experiencing notable growth due to the rise in adoption of IoT devices and is projected to reach a market value of $413.7 billion by 2031. According to Palo Alto Networks IoT Threat Report,CACHE_IDENTITY_FALLBACK
571e917a9cd5cc5d23db::c0000,These companies can capitalise on these assets and generate new revenue streams by building and developing broadband services. By Fi Forrest The impact of broadband coverage on the economy is a subject of growing interest. A recent study for the World Bank ...,CACHE_IDENTITY_FALLBACK
e9ed7b2701ca7f9d5dae::c0000,The Human Services Technology/Mental Health concentration prepares students for job opportunities in the mental health field. The curriculum enables students to understand culturally and emotionally handicapped developmentally disabled or addicted clients ...,CACHE_IDENTITY_FALLBACK
54764675b754371ae270::c0000,The 2023 ALC Industry Survey ran from August to September 2023 collecting responses from 85 small and medium-sized LSPs in the US and globally on a broad range of industry topics — from growth and business strategies technology and supply chains to pricing salaries and recruitment.,CACHE_IDENTITY_FALLBACK
41bcc9438630e1ac3cd8::c0000,Solutions a leading AI powered software platform used by global manufacturers and retailers to plan their supply chains today announced that it w,CACHE_IDENTITY_FALLBACK
9316e8e110f6b77b6c16::c0000,RIT’s computing and information technology degree teaches you complex computing systems and how to become well-versed in their management. Information technology is found in every aspect of our lives—the workplace our homes the way we communicate ...,CACHE_IDENTITY_FALLBACK
d4390fbeda5c6c8aee51::c0000,This strategic acquisition reinforces Shipsy's commitment to providing a comprehensive end-to-end logistics technology platform for enterprise customers across diverse industries. The extended product suite will offer a holistic logistics management ...,CACHE_IDENTITY_FALLBACK
e6fe754774c1e887b74f::c0000,Youtility''s a service that integrates switching services into bank and fintech applications enabling ... Squeeze''s data analytics and B2C experience with Youtility unique technology allowing switching to be integrated by banks into their Apps.,CACHE_IDENTITY_FALLBACK
66580388d2000df8ad38::c0000,Within the council we are supporting people to find out more about telecare and assistive technology and have access to the information they need to purchase telecare services and equipment that meets their needs by: bringing them into the mainstream ...,CACHE_IDENTITY_FALLBACK
d4b2381cd37155655aad::c0000,Learn from the community’s knowledge. Experts are adding insights into this AI-powered collaborative article and you could too. This is a new type of article that we started with the help of AI ...,CACHE_IDENTITY_FALLBACK
39065b6b1a9a39a0c9d1::c0000,The Crown Commercial Service (CCS) has recently granted a comprehensive agreement contract for technology-related products and services which includes a specialised category for acquiring and overseeing IT resources with a greater emphasis on sustainability.,CACHE_IDENTITY_FALLBACK
60f73addb0d5b19a60d7::c0000,General Electric for example was at risk of losing many of its top customers to nontraditional competitors—IBM and SAP on the one hand big data start-ups on the other—offering data-intensive analytics-based services that could connect to any ...,CACHE_IDENTITY_FALLBACK
fd4d593b30427f762d16::c0000,Financial services and banking see AI as an opportunity ... This content was produced by Insights the custom content arm of MIT Technology Review. It was not written by MIT Technology Review ...,CACHE_IDENTITY_FALLBACK
92cad90239ceb6498d76::c0000,Editorial Note: We earn a commission from partner links on Forbes Advisor. Commissions do not affect our editors' opinions or evaluations. As technology advances and companies adapt to ever ...,CACHE_IDENTITY_FALLBACK
42f24c797073748f73f8::c0000,Shopper traffic data indicates that visits to physical stores on Super Saturday (Dec. 17) were up 17% from the previous Saturday (Dec. 10) Compared to Super Saturday 2021 shopper traffic was up 0.2%,CACHE_IDENTITY_FALLBACK
cd4ba1fee663c496635d::c0000,Let’s discuss the impact of technology on medical billing services. As more and more ... medical providers require a significant amount of information and backend support. Medical billing ...,CACHE_IDENTITY_FALLBACK
d4bf78236de2014d810a::c0000,to quickly integrate robust data and services with minimum effort. Today Altitude Angel’s market-defining technology is providing a critical enabling service on which the future of UTM will be built across the globe. Altitude Angel is leading a ...,CACHE_IDENTITY_FALLBACK
28562e624b26a1b66ad1::c0000,Synchrony Financial SYF recently extended its consumer financing partnership with the renowned U.S. specialty retailer of organizing solutions custom spaces and in-home services ... Horizon Technology Finance’s earnings outpaced estimates in each ...,CACHE_IDENTITY_FALLBACK
c3634fcf38eedaebd25b::c0000,The financial services industry of today relies heavily on technology. It not only serves as the foundation for traditional operations but also paves the way for the creation of innovative ...,CACHE_IDENTITY_FALLBACK
c8847b4677267ef356dd::c0000,Syxsense a global leader in Unified Security and Endpoint Management (USEM) solutions today announced their first technology security and management conference named Synergy. The virtual event is open to the public,CACHE_IDENTITY_FALLBACK
81c46f857ea3e5e7aca2::c0000,About K&J Integrated Systems K&J Integrated Systems specializes in commercial low voltage integration services ensuring your systems are customized to drive synergies efficiencies and cost savings. K&J supports customers across multiple industry verticals in the Northeast Region of the U.S. Learn more at www.kjisystems.com .,CACHE_IDENTITY_FALLBACK
e356f07d50b390ae7af7::c0000,ServiceM8 the job management app for trade contractors & service businesses today celebrates the milestone of $1 million in iPhones for small businesses,CACHE_IDENTITY_FALLBACK
71db57d97dff3261ddbf::c0000,Apply(This will open in a new window from which you will be automatically redirected to an external site after 5 seconds),CACHE_IDENTITY_FALLBACK
f11499b40923a55137db::c0000,The latest Market Talks covering Technology Media and Telecom. Published exclusively on Dow Jones Newswires at 4:20 ET 12:20 ET and 16:50 ET.,CACHE_IDENTITY_FALLBACK
1aaad6e76c215cceeae7::c0000,“We are thoughtful and transparent about the information needed to develop provide and improve the products and services that we offer our customers allowing us to deliver a more personalized ...,CACHE_IDENTITY_FALLBACK
27eb86bc517fa9da3bea::c0000,BENGALURU India January 19 2023--(BUSINESS WIRE)--L&T Technology Services Limited (BSE ... 2022. For more information please visit www.LTTS.com,CACHE_IDENTITY_FALLBACK
418114bfd7b331ca62d6::c0000,when use of the technology was paused as a result of the pandemic. While roughly 144366 people’s biometric information has been scanned over the course of these deployments only eight were ...,CACHE_IDENTITY_FALLBACK
2b46329dfa395cdd1731::c0000,Enhanced Data Management Tool for Upcoming Accelerator program NEW YORK and LONDON and PUNE India /PRNewswire/ -- Synechron a leading global digital transformation consulting firm today announced,CACHE_IDENTITY_FALLBACK
ede975ec578b1046d29b::c0000,With our expanded range of services and ... our customers’ IT and technology needs so that they can focus on running their businesses. Mahalo to this year's Industry Outlook partners for providing our readers with useful information in their respective ...,CACHE_IDENTITY_FALLBACK
f83974ad32c352a2bc19::c0000,NAGPUR India July 10 2023 /PRNewswire/ -- On July 8th Ceinsys Tech Ltd (a company listed on the Bombay Stock Exchange) and an integral part of the prestigious conglomerate - Meghe Group celebrated its 25 years of relentless pursuit towards driving change and enriching human life.,CACHE_IDENTITY_FALLBACK
45d0b0ae025abc964f34::c0000,Staffing issues continue to plague service and parts departments but managers are confident of another profitable year.,CACHE_IDENTITY_FALLBACK
f60e106afd6fcee36b56::c0000,The Zacks Technology Services industry stands to gain from the ongoing digitization increasing dependency on technology and initiatives to diversify technology services. Growth opportunities from ...,CACHE_IDENTITY_FALLBACK
3d9fb86bda7b39035003::c0000,SEOUL South Korea and CHICAGO Dec. 19 2022 /PRNewswire/ - Y2 Solution (Listed KOSPI : 011690) announces ambitious plans for the North,CACHE_IDENTITY_FALLBACK
a9df48fa83d9fa05d10e::c0000,Source: FactSet Indexes: Index quotes may be real-time or delayed as per exchange requirements; refer to time stamps for information on any delays. Source: FactSet Markets Diary: Data on U.S. Overview page represent trading in all U.S. markets and updates ...,CACHE_IDENTITY_FALLBACK
78b8735a42ec08485f7f::c0000,Inspire Brands Inc. a global restaurant chain that is home to Arby’s Baskin-Robbins Dunkin’ and four other brands has expanded its work with processor Fiserv Inc. with the goal of unifying in-store in-app and online transactions for more of its brands,CACHE_IDENTITY_FALLBACK
988767a8c1452cc2ce57::c0000,"For the just-ended period strength in services drove the profit beat ... the same field that is driving spending at other big technology companies. '""We''ve been doing research across a wide ...",CACHE_IDENTITY_FALLBACK
df2fb3aca6bcf1052da5::c0000,Y9 Microfinance has recently unveiled a new campaign with the goal of empowering its customers to access three distinct financial services.,CACHE_IDENTITY_FALLBACK
d38fc817b7dc3eeeb535::c0000,To ensure this doesn’t happen in the future please enable Javascript and cookies in your browser. Is this happening to you frequently? Please report it on our ...,CACHE_IDENTITY_FALLBACK
67f61078101e32548302::c0000,The Associated Press and OpenAI have reached an agreement to share access to select news content and technology as they examine potential use cases for generative AI in news products and services. The arrangement sees OpenAI licensing part of AP’s text ...,CACHE_IDENTITY_FALLBACK
50cfb7c09f27bb89f754::c0000,The new AM metal label allows retailers to protect previously unprotectable items reducing some of the risks associated with carrying this merchandise.,CACHE_IDENTITY_FALLBACK
e8a1bb5de5304ab2bc13::c0000,The Community College of Allegheny County is offering free computer information technology courses in September. According to a news release the classes are being offered through funding from LevelUp412. Course topics range from hardware and operating ...,CACHE_IDENTITY_FALLBACK
24c46dfb3f11cfdb89fe::c0000,Digital Services Act (DSA) The DSA is a groundbreaking ... with 70 sites “hiding” important information such as delivery costs or the availability of a cheaper option. The audit found that ...,CACHE_IDENTITY_FALLBACK
b4b23faeb8022a4d9762::c0000,This lack of access to technology creates a digital divide which can limit the ability of people to access information and ... and quality of internet services in Uganda. This limits the ability ...,CACHE_IDENTITY_FALLBACK
8dc0de1ac5eca8c4bb72::c0000,The company’s multiple products were then centralised in a single Akeneo product information ... services company harnesses ML for several use cases and aims to deploy the technology at scale ...,CACHE_IDENTITY_FALLBACK
fb8d8e0fc81bae72f50f::c0000,Williams adds that CIOs have a powerful position that can be used to drive sustainability: I have agency due to my role and I have information ... logistics companies to outsourced and cloud technology services. These scopes are creating new demands ...,CACHE_IDENTITY_FALLBACK
b5ed5589ff68a8b24b0e::c0000,For years Missouri residents have watched the minutes even hours tick away as they waited on the telephone to apply for Medicaid food stamps or other social services ... the information they had collected on paper forms. She said improving the ...,CACHE_IDENTITY_FALLBACK
b97b33b66cc062658464::c0000,You can also decline all non-necessary cookies by clicking on the “Decline all cookies” button. Please find more information on our use of cookies and how to withdraw at any time your consent on our privacy policy. Our website uses cookies. You have ...,CACHE_IDENTITY_FALLBACK
45fea6ad651b08d938c6::c0000,Information Technology Services (ITS) provides support to the entire Middlebury Institute community. The Middlebury Institute is a part of the Middlebury College Network. Please note that in-person services remain limited under COVID-19 restrictions.,CACHE_IDENTITY_FALLBACK
9ffda011e882d99077a4::c0000,The information technology center in Chandler ... Some will get severance pay and outplacement services. Last week GM also eliminated about 200 engineering positions at its technical center ...,CACHE_IDENTITY_FALLBACK
d9009c6090b715c6ddae::c0000,Also lagging the market Wednesday are information technology services shares down on the day by about 2% as a group led down by Sterling Check trading lower by about 12.4% and GoodRx Holdings ...,CACHE_IDENTITY_FALLBACK
c2f581ffe8dc9dc70d49::c0000,In recent years along with the iterative innovation of beauty science and technology the growth of Chinese beauty industry has been gaining the attention of the international,CACHE_IDENTITY_FALLBACK
830dbc6ea3082bb64be0::c0000,One component of GSA in particular Technology Transformation Services carries much of this mission by using modern methodologies and technologies to improve the public’s experience with the ...,CACHE_IDENTITY_FALLBACK
89303f1ce1c8dbe989a7::c0000,They create design and manufacture computers mobile devices and home appliances and provide products and services related to information technology. Below we look at the 10 biggest companies ...,CACHE_IDENTITY_FALLBACK
d63c2fc3873ad2e8a72b::c0000,Software and Information Services will be the fastest growing industry over the 2023-2027 forecast period generating an 11.4% CAGR as technology companies have engaged in some course correction ...,CACHE_IDENTITY_FALLBACK
1f966db1e28d1122c747::c0000,Ahead of IoT Evolution Expo 2023 in Fort Lauderdale Florida we spoke with Eric Schummer the founder and CEO of Senzary LLC.,CACHE_IDENTITY_FALLBACK
e22a715ce64a4961c480::c0000,Nigeria with its large pool of skilled IT professionals and low labour costs is aiming at becoming a global outsourcing hub for information technology services. In a keynote address at the ...,CACHE_IDENTITY_FALLBACK
625d109f62b92b1484ed::c0000,In order to speed up the fielding and implementation of new tools DAF leaders are turning to alternative sources for products and services ... AI-generated piece of information and say ...,CACHE_IDENTITY_FALLBACK
acfe686118e9463a1b75::c0000,Google has not announced when it will be updating its services or if clearer more accurate information for consumers will be extended beyond f the EU.,CACHE_IDENTITY_FALLBACK
77175bc7ffab3269c5f4::c0000,Sensory Enabling Technologies like Apple's new Vision Pro open new avenues for brands to stimulate consumers' senses with digital content.,CACHE_IDENTITY_FALLBACK
5d1b820633fed409a90e::c0000,Salesforce is boosting its Know Your Customer (KYC) capabilities by integrating with Onfido while Shufti Pro iDenfy and Incode strike new deals.,CACHE_IDENTITY_FALLBACK
b14f218291d93e6cbd2d::c0000,I recently spoke with Focus Brands’ CFO Mike Dixon about the competitive strength that synergy can provide in the foodservice industry how he embraces sustainable business and the importance of cultivating customer loyalty.,CACHE_IDENTITY_FALLBACK
3387461d5f34cf26d922::c0000,The FP2 Presence Sensor is Aqara''s latest occupancy sensor with precise human presence detection and the smart home manufacturer has been working with Samsung to add the SmartThings compatibility to the sensor,CACHE_IDENTITY_FALLBACK
c4e76c22ef526ebb0e96::c0000,For more than two decades CNET editors have poked prodded tested retested intentionally dropped and even stayed up all night to assess the new products and services that promise to change the ...,CACHE_IDENTITY_FALLBACK
25a3d87fd9b760610224::c0000,Synergy grants include two to four PIs one of whom can be located in Canada and provide up to €10 million over six years. Anticipated call open: July 12 2023. Anticipated all deadline: November 8 2023. We encourage researchers to connect with their ...,CACHE_IDENTITY_FALLBACK
ca75c82e80fcfa2cc39d::c0000,Wireless sensors as thin as human hair will be integrated into composite materials and embedded in aerospace components to monitor the condition of parts from manufacture to recycling with the aim of extending their life span,CACHE_IDENTITY_FALLBACK
5b6bd496b92321e2ff18::c0000,Also this agency is ready to answer your questions and provide insurance services 24 hours a day without any location restrictions. Stay with us to inform you with complete information about ... due to the advancement of technology and want to escape ...,CACHE_IDENTITY_FALLBACK
aa5fb622e9e43473387c::c0000,Our faculty and students conduct research to change how we live work and interact focusing on both novel computing technology and how computing ... resources for the Ph.D. Program in Computing and Information Sciences such policies procedures ...,CACHE_IDENTITY_FALLBACK
5ef59ca9f80fc691efc3::c0000,In this article we will take a look at the 12 best information technology services stocks to buy. To see more such companies go directly to 5 Best Information Technology Services Stocks to Buy.,CACHE_IDENTITY_FALLBACK
a1866b9b9e8ded132a41::c0000,A new study at BESSY II analyzes the formation of skyrmions in ferrimagnetic thin films of dysprosium and cobalt in real time and with high spatial resolution. This is an important step towards ...,CACHE_IDENTITY_FALLBACK
ca402702dfd0d6284086::c0000,especially in the fields of engineering and information technology. The technical programs were designed based on the specific needs of Ashghal Kahramaa and the Ministry of Endowments and Islamic ...,CACHE_IDENTITY_FALLBACK
91f2cd5dad0ceb428cbd::c0000,Fidelity National Information Services (FIS) came out with quarterly earnings of $1.29 per share beating the Zacks Consensus Estimate of $1.20 per share. This compares to earnings of $1.47 per ...,CACHE_IDENTITY_FALLBACK
7b1b29ac6bd7b0228adf::c0000,The Services PMI—at 50.3 (a reading of 50 or higher signals growth)—fell 1.6% off of May’s 51.9 reading growing at a slower rate for the fifth consecutive month. ISM said that the services sector has seen growth in 35 of the last 36 months,CACHE_IDENTITY_FALLBACK
eb746e73990fceb34bd5::c0000,Deloitte’s Operate services are focused on helping customers manage their organizations’ ongoing operational and technology needs through strategically ... for employees and the enterprise. For more information visit: www.servicenow.com.,CACHE_IDENTITY_FALLBACK
8b7cb645691ae062d526::c0000,Opsys Tech developer of the world''s most advanced patented True Solid-State Scanning LiDAR technology today announced that it will display a LiDAR-integrated smart taillight solution co-developed with SL Corp.,CACHE_IDENTITY_FALLBACK
71ce85b54d2ac1c6309d::c0000,To effectively safeguard their data and networks law firms need to deploy advanced security tools that can help detect and respond to threats in real time. One such tool is security information and event management (SIEM) software.,CACHE_IDENTITY_FALLBACK
21e91ae1d157c571ad42::c0000,OneSoft Solutions Inc. (TSXV:OSS)(OTCQB:OSSIF) (”OneSoft” or the “Company”) announces that the Company’s Annual General and Special Meeting (”AGSM”) of the shareholders was held May 23 2023. The,CACHE_IDENTITY_FALLBACK
8cbfe069b03305566d73::c0000,At the most recent Berkshire Hathaway Inc. (NYSE: BRK-B) investors conference in early May Warren Buffett offered some insights into his most recent buys and sells but more detail was released ...,CACHE_IDENTITY_FALLBACK
40fa118f3b87289326ba::c0000,Please ask if a Boise State rate is available and about shuttle services when making your reservation. 6. Sign Up for the Mandatory International Student Orientation You will receive an email with information on how to sign up for the International Student ...,CACHE_IDENTITY_FALLBACK
0276988147590c010ff7::c0000,Fintel reports that on May 25 2023 Barrington Research reiterated coverage of Information Services Group (NASDAQ:III) with a Outperform recommendation. As of May 11 2023 the average one-year ...,CACHE_IDENTITY_FALLBACK
031f6da521307d37c12c::c0000,The National Information Technology Authority-Uganda (NITA-U) is an autonomous statutory body established under the NITA-U Act 2009 The Authority is under the general supervision of the Ministry of Information Communications Technology and National ...,CACHE_IDENTITY_FALLBACK
785426df337ceac36053::c0000,while social networking allows people to connect with others and share information and ideas. Mobile apps have become increasingly popular providing users with access to a wide range of services from food delivery to exercise tracking. As technology ...,CACHE_IDENTITY_FALLBACK
78b8f74423cd6de55a70::c0000,Information and ... as well as the various services and appliances with them such as video conferencing and distance learning. ICT also includes analog technology such as paper communication ...,CACHE_IDENTITY_FALLBACK
2e7b477d4cf02b299c80::c0000,(RTTNews) - Evernorth Health Services the pharmacy care and benefits solution division of The Cigna Group (CI) announced it will acquiring the technology and clinical capabilities of Bright.md.,CACHE_IDENTITY_FALLBACK
95a17e2049ac69c2dadf::c0000,See statistics for Australian Industry and Technology ... Licence and Information Service (ABLIS) to find information on the licences you may need. The information media and telecommunications industry have specific Goods and Services Tax (GST) measures.,CACHE_IDENTITY_FALLBACK
084185ecc17679d133f0::c0000,Software designed to detect child abuse images on smartphones which could be mandated by governments in some counties can be covertly repurposed to intrude on personal privacy according to research at Imperial college. ‘Client-side scanning’ (CSS ...,CACHE_IDENTITY_FALLBACK
a20287c0f2b00384011a::c0000,The Ithaca City School District has launched a mobile app alongside updates to its website ahead of the upcoming 2023 - 2024 school year.,CACHE_IDENTITY_FALLBACK
331537d8f978a369b442::c0000,"Ryan Specialty (NYSE:RYAN) a leading international specialty insurance firm is pleased to announce that it has signed a definitive agreement to acquire Socius Insurance Services ('""Socius'"") a nation",CACHE_IDENTITY_FALLBACK
f03702b7d7bc80b17906::c0000,Search Solution built its business recruiting and placing executives in various sectors including accounting finance human resources information technology sales and marketing and supply chain and manufacturing management. Executive recruiter ...,CACHE_IDENTITY_FALLBACK
227844974155bca2484d::c0000,Partnership to offer comprehensive security platform for OT and address industrial segments BENGALURU India June 30 2023--(BUSINESS WIRE)--L&T Technology Services Limited (BSE: 540115 ...,CACHE_IDENTITY_FALLBACK
642b41ced26adb20353b::c0000,Mike Hicks explains why service led relationships are vital for enterprises looking to use the cloud at scale.,CACHE_IDENTITY_FALLBACK
76879c031f77eb7392eb::c0000,Innovative Industrial has consistently operated at fairly low leverage financing most of its acquisitions with equity. Find out why more tenant troubles lie ahead for IIPR.,CACHE_IDENTITY_FALLBACK
527bd7b919297d10fe32::c0000,Abdullah bin Amer Alswaha the Minister of Communications and Information Technology (MCIT) during a keynote address ... Huawei’s US$400 million investment in cloud infrastructure for its services in the Kingdom and the launch of a Zoom cloud area ...,CACHE_IDENTITY_FALLBACK
a51e072957c3d66e8692::c0000,Well-established economic methods such as health technology ... and documenting information limitations. Effectiveness data in particular pose a challenge for health services interventions.,CACHE_IDENTITY_FALLBACK
ad3a15ba075d79deda7a::c0000,These days all kinds of small businesses rely on technology to take care of daily tasks. Business information technology is something you simply can’t avoid as a business owner. Understanding the different types of information technology available ...,CACHE_IDENTITY_FALLBACK
e873dbbc8d215119c2fc::c0000,Stuttgart School Board met in a special session on Thursday June 29. The Stuttgart School District voted to outsource information technology services during a special called meeting Thursday evening. Superintendent Jeff McKinney first recommended that the ...,CACHE_IDENTITY_FALLBACK
bc2bfb3819218ed25f46::c0000,Identity solutions provider HID has announced the release of its HID Origo Technology Partner Program with a focus on mobile technologies.,CACHE_IDENTITY_FALLBACK
a7921710420bc70a05c9::c0000,Japanese conglomerate SoftBank will become an official network validator on Oasys and will explore further collaborations with the gaming blockchain including the development of blockchain-based services,CACHE_IDENTITY_FALLBACK
6b2df96f0e83997db38c::c0000,Australian media intelligence company Truescope has strengthened its position in North America by acquiring leading agency Universal Information Services (UIS). Founded in 2019 and now ...,CACHE_IDENTITY_FALLBACK
6a641b4b841cad0b7d9f::c0000,Facctum has announced that FacctViewTM a new screening platform has been chosen by NTT Data Payment Services to expand its anti-financial crime defenses. This new technology will support NTT ...,CACHE_IDENTITY_FALLBACK
aa2506534512eb6a40a5::c0000,Procurement and Contract Services would like to remind all faculty staff and students of the current State rental car contracts for use on official business that can help reduce travel costs. Did you know that on a day trip to the coast or to Jackson ...,CACHE_IDENTITY_FALLBACK
73537676a87b4dfa47d1::c0000,"'""Data doesn''t equal intelligence'"" said Tom Gates O.W.L. president. '""Both are required to be faster and more accurate. xSource is designed to help mitigate te workload of the security professional and tell the operator the meaning of threats happening in real time and not just that something is happening.",CACHE_IDENTITY_FALLBACK
5013c5a4c3418284759b::c0000,As companies look to self-service automation in hopes of both reducing cost and enhancing customer service their customers are faced with a growing number of opportunities to interact with virtual agents and chatbots.,CACHE_IDENTITY_FALLBACK
d17a296ce9dec157f4c7::c0000,Visit us on Facebook. Opens in a new tab or window Visit us on Twitter. Opens in a new tab or window Visit us on Instagram. Opens in a new tab or window Visit us on LinkedIn. Opens in a new tab or ...,CACHE_IDENTITY_FALLBACK
e1a69351c4050dc5b25c::c0000,"DUBLIN March 6 2023 /PRNewswire/ -- The '""Global Bioremediation Technology and Services Market 2022-2028'"" report has been added to ResearchAndMarkets.com''s offering. MARKET OUTLOOK A report by ...",CACHE_IDENTITY_FALLBACK
076f311078c872e47169::c0000,Headquartered in Jacksonville Florida Fidelity National Information Services Inc. (NYSE:FIS) is a financial technology solutions provider. On February 15 2023 Fidelity National Information ...,CACHE_IDENTITY_FALLBACK
a03933e5895da5c8ae9e::c0000,Doug Twitchell has been researching and teaching in information security for 15 years. He has been an active researcher in behavioral information security having published 42 peer-reviewed journal and conference articles on topics such as deception ...,CACHE_IDENTITY_FALLBACK
1276a1e3a738886aae76::c0000,Since then many industries have grown self-service models—often focused on enabling nontechnical users including information technology and data analytics. The popularity of s,CACHE_IDENTITY_FALLBACK
67aa550ef842c925d41b::c0000,Haxton joined Primoris in 2019 as senior vice president of information technology to lead its digital strategy of data analytics business intelligence system development cybersecurity and technical services. Primoris Services Corp. is a specialty ...,CACHE_IDENTITY_FALLBACK
db743e3c8c1ead5aa840::c0000,JMP Securities analyst Patrick Walravens maintained a Buy rating on ServiceNow (NOW – Research Report) today and set a price target of,CACHE_IDENTITY_FALLBACK
8f32e649facfc0135211::c0000,On April 7 th The TOJOY Science and Technology Association celebrated its first anniversary in Beijing. The association is comprised of scientific and tech workers within Chinese business accelerator TOJOY and the Beijing Association for Science and Technology's membership.,CACHE_IDENTITY_FALLBACK
f22b2a84c7f94b9464c0::c0000,Looking at the sectors faring worst as of midday Friday shares of Services companies are underperforming ... The next worst performing sector is the Technology & Communications sector showing ...,CACHE_IDENTITY_FALLBACK
f4bc3374dcfafa06f200::c0000,The four technology solution domains are Presentation Services Application Services Information Services and Infrastructure Services: Presentation is the website you see when you go to an online bank the voice on the phone when you call the airline ...,CACHE_IDENTITY_FALLBACK
46c45912b0544b4efe07::c0000,For more than 20 years the Delaware Technology Park (DTP) in Newark has been one of the state’s main economic drivers bringing jobs in research and development and helping to educate and train future innovators through synergy and partnerships with the ...,CACHE_IDENTITY_FALLBACK
a7f48e655bc7a4f4464b::c0000,--(BUSINESS WIRE)--NYMBUS® a premier provider of cutting-edge financial technology ... services technology that revolutionizes and innovates how people engage with their money. For more ...,CACHE_IDENTITY_FALLBACK
4ad17b3be2e57846a1c4::c0000,We’d like to set additional cookies to understand how you use GOV.UK remember your settings and improve government services. We also use cookies set by other sites to help us deliver content ...,CACHE_IDENTITY_FALLBACK
bbc85d5c88e845ee4991::c0000,The event was hosted in partnership with the Oman Ministry of Transport Communication and Information Technology and Omantel ... and cloud services – we are committed to bringing digital ...,CACHE_IDENTITY_FALLBACK
568773e8e91493a676a1::c0000,You''ll be put through to Garmin''s emergency response center which coordinates with emergency and rescue services around the world to get you the help you need. If you''re not in the US scroll down to the bottom of this page for the best Garmin InReach ...,CACHE_IDENTITY_FALLBACK
ad531a01dcd6e7ee8a51::c0000,Widely distributed gas sensor networks will enable automated ventilation of schools and homes monitor urban air quality change government policies control traffic and more. The era of gas sensor data as technical information only accessible to scientists is ending being overtaken by sensors that are easy to use low power and affordable.,CACHE_IDENTITY_FALLBACK
a9d1a7d9ccc9e7f54e4f::c0000,or selling illegal goods or services online.” Additionally the EU says that “some very large players have emerged as quasi-public spaces for information sharing and online trade.” These platforms “pose particular risks for users’ rights ...,CACHE_IDENTITY_FALLBACK
3c6dfba21cfffafbb15f::c0000,Ongoing digitization increasing dependency on technology and ... entrusted with sensitive information. Therefore the growing need for cyber security solutions and services in critical areas ...,CACHE_IDENTITY_FALLBACK
62cb7b7a5919b824f5de::c0000,Ivy Tech Community College - Columbus and Seymour High School have partnered to provide high school seniors with in-depth real-world career preparation experiences to prepare them for their next steps after graduating.,CACHE_IDENTITY_FALLBACK
82b77a1b501f7cbb469c::c0000,A line drawing of the Internet Archive headquarters building façade. An illustration of a magnifying glass. An illustration of a magnifying glass.,CACHE_IDENTITY_FALLBACK
198660b5d2a419ac68f2::c0000,Inventor Patrick Racz claims his Smartflash technology is at the heart of the ... implied that — because his firm makes no products or services. However he formed that company specifically ...,CACHE_IDENTITY_FALLBACK
bcd7fc02a1a7bf931178::c0000,This is followed by service agreements service alliances and technology assessment agreements. Question 5: Which segment is likely to have the largest share in the viral clearance and viral testing services ... The information provided on PharmiWeb.com ...,CACHE_IDENTITY_FALLBACK
486b82396c59013f41d9::c0000,Infosys positioned as the leading service provider that can drive transformational change by using innovative technologies and services. Wendy Redshaw Chief Digital Information Officer ... Diana Kennedy Group Chief Technology and Architecture Officer ...,CACHE_IDENTITY_FALLBACK
1506f171b2e99f383a25::c0000,Resolving these issues often leads to a slow-down in access to time-sensitive information ... a technology startup that’s radically simplifying arbitration and mediation services Rich has ...,CACHE_IDENTITY_FALLBACK
5f4ff15bb6a3d8203904::c0000,A new $59 million Information Technology Network Infrastructure Master Plan 2.0 was approved by Bowling Green State University trustees on Friday. A $5.75 million upgrade to the Slater Family Ice Arena and $2.5 million renovation of West Offenhauer were ...,CACHE_IDENTITY_FALLBACK
9aa494e10b3c1fe37a4a::c0000,"'""We are committed to rebuilding Lumen starting with our people and prioritizing this partnership with Syndio is a strong example of that commitment'"" said Kate Johnson president",CACHE_IDENTITY_FALLBACK
9d5d608d821e71fa0a0d::c0000,10:00 AM-6:00 PM (Eastern) 9:00 AM-5:00 PM (Central) 8:00 AM-4:00 PM (Mountain) 7:00 AM-3:00 PM (Pacific),CACHE_IDENTITY_FALLBACK
09467c8771a777403cd3::c0000,Operator: Good day ladies and gentlemen and welcome to the PDF Solutions Incorporated conference call to discuss its financial results for the third quarter ending Wednesday August 31 2022.,CACHE_IDENTITY_FALLBACK
62bdb3dc98e5d7b2c990::c0000,Ever-increasing innovation has led to a paradigm shift in the technology services market ... may include a series of policies relating to information management third-party vendors/procurement ...,CACHE_IDENTITY_FALLBACK
5e3dd05bf16a774901f7::c0000,There have been positive and negative implications of this information technology ... have “fact check” services. There could be a monthly scorecard on the “technology balancing acts.”,CACHE_IDENTITY_FALLBACK
6708b336e4aefda131a1::c0000,Syntax Health Inc. an enterprise SaaS-based solution for health plans and providers that accelerates alignment in value-based care (VBC) today announced the launch of its dynamic platform that removes friction in the contracting process using analytics,CACHE_IDENTITY_FALLBACK
bcfc811ac1d88cbfb580::c0000,Reserve Bank Governor Shaktikanta Das on Monday said faster transparent and more inclusive payment services will deliver widespread ... The G20 TechSprint was launched in May 2023 with the theme ''technology solutions for cross-border payments'' under ...,CACHE_IDENTITY_FALLBACK
abeba5a6439cc50d5ccb::c0000,Globally and locally technology continues to change ... that social channels are their primary sources of information related to public services. To keep up with this shift public sector ...,CACHE_IDENTITY_FALLBACK
70175d5248e739d351ec::c0000,Dark/Light Mode (14/07/23) SITA has been awarded a landmark deal from the Airports Authority of India to provide technology to 43 of India’s ... enabling proactive monitoring and control of services. “We’re excited to partner with AAI on this large ...,CACHE_IDENTITY_FALLBACK
60217d534afaaf4a41b6::c0000,One of the things that Barton Malow’s wholly owned subsidiary LiftBuild sought to learn about its “top-down” construction approach for the Exchange residential project in Detroit was ...,CACHE_IDENTITY_FALLBACK
0d36b262b2ccee24144b::c0000,Embedded vision brings these computational capabilities to the ''edge''. Rather than images being sent from a sensor to a central processor initial analysis is performed adjacent to the sensor on a dedicated,CACHE_IDENTITY_FALLBACK
355660c54b56c3649dfa::c0000,LONDON Aug 24 (Reuters) - More than a dozen of the world''s biggest tech companies face unprecedented legal scrutiny as the European Union''s sweeping Digital Services Act (DSA) imposes new rules ...,CACHE_IDENTITY_FALLBACK
7cc65480435ad2b2475c::c0000,l For more information visit www.grassvalley.com. Carl Petch is CTO for Telstra Broadcast Services and leads the global Broadcast and Media Engineering and Solutions Architecture teams. Petch is internationally recognized as an evangelist and expert on ...,CACHE_IDENTITY_FALLBACK
5357b976d5b317a7af82::c0000,Crowley Solutions is now able to provide government clients with information technology services management consulting and supply chain consulting at the highest level in its history.,CACHE_IDENTITY_FALLBACK
9bd710fbf37dd4562cae::c0000,The Austrian based eologix sensor technology ... require this information to understand your needs and provide you with a better service and in particular for the following reasons: We may use the information to improve our products and services.,CACHE_IDENTITY_FALLBACK
24f956695fec5172cc55::c0000,During the last session Synchrony Financial (NYSE:SYF)’s traded shares were 7.01 million with the beta value of the company hitting 1.58. At the end of the trading day the stock’s price was $27.34,CACHE_IDENTITY_FALLBACK
4153ddf8a3ef83ffd227::c0000,Users benefit from a more holistic view and real-time information. This is true for ... in the cloud to help organisations scale their technology as needed. The extraordinary success of Amazon Web Services (AWS) which is used to power many thousands ...,CACHE_IDENTITY_FALLBACK
b6d625543b179168526b::c0000,PALO ALTO California (January 19 2023) – Integral (www.integral.com) a leading currency technology provider to the financial markets announced the launch of Integral Digital a full extension of its award-winning trading and client distribution ...,CACHE_IDENTITY_FALLBACK
76bd4a6ce01b999e1a7a::c0000,This results in many conveniences but it’s also a constant source of new – and often fundamental – challenges in the field of information and computing sciences. In our constantly changing (digital) society the Utrecht research Institute for ...,CACHE_IDENTITY_FALLBACK
5c1607eb0737aaed88a0::c0000,Louisville Metro Emergency Services' 911 call center says it is experiencing a high volume of callers after Friday's storms.,CACHE_IDENTITY_FALLBACK
a5a8b0ece135c638d4f0::c0000,ServiceNow NVIDIA and Accenture today announced the launch of AI Lighthouse a first-of-its-kind program designed,CACHE_IDENTITY_FALLBACK
ddf3d363ae20c3c522fe::c0000,Leadership in Information Technology ... must ensure that IT solutions and services align with customer requirements and expectations. Continuous Learning: Technology is always evolving and ...,CACHE_IDENTITY_FALLBACK
8839db1980f9fab68c67::c0000,Operator: Good day and welcome to the Sypris Solutions Inc. Conference Call. Today’s call is being recorded. At this time for opening remarks I would like to turn the call over to the President and Chief Executive Officer,CACHE_IDENTITY_FALLBACK
b96c11fcaeeb44c59dae::c0000,end-to-end solution for outsourced real estate property services announced today a strategic acquisition of SMS Assist an industry-leading facilities maintenance technology company. By merging ...,CACHE_IDENTITY_FALLBACK
effaf9c28190d3c134bc::c0000,After reporting growth and profitability above expectations and raising guidance for the year on July 26 its stock lost 5% of its value.,CACHE_IDENTITY_FALLBACK
a1b72c1a1f023f8183a1::c0000,"Dublin May 10 2023 (GLOBE NEWSWIRE) -- The '""Architectural Engineering Consultants And Related Services Global Market ... consultants are using 5D building information modelling (BIM) to create ...",CACHE_IDENTITY_FALLBACK
8ba7c7488ffe85730f07::c0000,If you are receiving medical or mental health treatment please consider scheduling an in-person or over-the-phone ‘meet-and-greet’ consultation with a Health and Wellness Services provider.,CACHE_IDENTITY_FALLBACK
e07419630eb38816a305::c0000,Please enter the following information to continue ... With a 160-year legacy the commodity chemical business will be comprised of “mono-technology” product lines including soda ash peroxides and silica. The businesses had pre-tax profits in ...,CACHE_IDENTITY_FALLBACK
4b8794dfb10eb2e16eb5::c0000,Nov. 29 2022 /PRNewswire/ -- AMAG Technology ... Services Administration''s (GSA) approved product list (APL) making it available to all Federal Agencies for procurement. For more information ...,CACHE_IDENTITY_FALLBACK
e286a68d2694750908bb::c0000,The technology services sector has witnessed ... Thomson Reuters Corp is a global media conglomerate offering trusted information and services to professionals worldwide. Focusing on finance ...,CACHE_IDENTITY_FALLBACK
d860850f426404df6d94::c0000,ROCKAWAY- Hundreds of participants came to Morris Knolls High School on Dec. 1 to experience 17 different science and technology demonstrations put on and produced by 26 teachers members of the ...,CACHE_IDENTITY_FALLBACK
5fc2521da25c3469d5e6::c0000,ST. LOUIS – St. Louis Community College at Meramec has a groundbreaking ceremony for a new financial services and enrollment center and a center for emerging technology on Friday. Both centers ...,CACHE_IDENTITY_FALLBACK
eddaf77d809073096723::c0000,They have also said they see Twitter as an opportunity to research and develop crypto-related technology and services ... access to confidential company information. But giving that privilege ...,CACHE_IDENTITY_FALLBACK
e8291e535d6d43df4967::c0000,Whether it’s ensuring the safety of your loved ones or staying informed about your employees’ activities real-time tracking with Spyx provides you with the necessary information when you need it most. Visit the Spyx website and sign up for an account.,CACHE_IDENTITY_FALLBACK
f5d3c620209c7c177f49::c0000,Information and Communications Technology commonly abbreviated as ICT ... ICT has several components including hardware software networks and services. The hardware component refers to physical devices such as computers servers mobile devices ...,CACHE_IDENTITY_FALLBACK
c49b9ef3a9976c04fed5::c0000,Management Information Systems (MIS) is the application of information technology to meet organizational and managerial requirements that can result in business value. Hence MIS students are trained to use computer technology to help businesses get the ...,CACHE_IDENTITY_FALLBACK
ce048bdead64886a1dc3::c0000,MONTGOMERY Ala. (WSFA) - Thousands of airmen and cyber leaders from around the world are in Montgomery this week attending the Department of the Air Force Information Technology and Cyberpower ...,CACHE_IDENTITY_FALLBACK
6c9de900904d77887998::c0000,Sysdig Inc. the unified cloud and container security leader today announced that Loris Degioanni CTO and Founder of Sysdig will deliver a CloudNativeSecurityCon keynote on the power of runtime security in the software supply chain.,CACHE_IDENTITY_FALLBACK
23178fe836d3f49d972a::c0000,DB and OBB plan to enhance cross-border services including expanding their night service ... The document includes detailed information on the manufacturers and suppliers and their products along with contact details to inform your purchasing decision.,CACHE_IDENTITY_FALLBACK
705de64b5c10029f4f17::c0000,— Are you looking for the complete & verified bond data? — We have everything you need: full data on over 700 000 bonds stocks & ETFs; powerful bond screener; over 350 pricing sources among stock exchanges & OTC market; ratings & financial reports ...,CACHE_IDENTITY_FALLBACK
5a4458b64ef130731c71::c0000,SHI International Corp a New Jersey-based provider of Information Technology (IT) products and services has confirmed that its network was hit by a malware attack over the weekend.,CACHE_IDENTITY_FALLBACK
c1e072bd863674bef23d::c0000,Ochsner Health is using iPhone technology and AI to identify patients at risk for falls and deliver virtual programs to reduce falls. With this combination of r,CACHE_IDENTITY_FALLBACK
66477a526552e1863d65::c0000,June 5 (Reuters) - German flavour and fragrance maker Symrise AG (SY1G.DE) said on Monday it has made a bid approach for Swedencare AB (SECARE.ST) just days after acquiring a nearly 30% stake in the Swedish pet healthcare firm. Symrise said it made a last ...,CACHE_IDENTITY_FALLBACK
04ebdeb1e28287490bda::c0000,The device is a breakthrough in diagnostics offering the potential to identify disease in their earliest stages providing medical practitioners with crucial information that would typically ...,CACHE_IDENTITY_FALLBACK
0e3229841baf6a6798c9::c0000,As per the company Jio Smart Home Services will redefine how we experience and manage our homes. The technology is anchored by robust and extensive home broadband services. Reliance Jio plans to ...,CACHE_IDENTITY_FALLBACK
bf0b029dd52112cd7831::c0000,The ability to adapt to new technologies the complexity of IT ecosystems and the demand for seamless connectivity and data management across numerous platforms all define the,CACHE_IDENTITY_FALLBACK
d33021e712ba00fc60c2::c0000,This was a monumental discovery using only a small set of data with limited resources and no technology assistance. Fast forward to today. At least a third of all data generated globally is healthcare related. With this amount of information available ...,CACHE_IDENTITY_FALLBACK
1c533bcd1678c3e7ddde::c0000,The Federal Aviation Administration is considering requiring that all planes be equipped with technology designed to prevent close ... Providers such as Honeywell augment those systems with more information during taxi takeoffs and landings to reduce ...,CACHE_IDENTITY_FALLBACK
c688d3f041d2d5915546::c0000,International Institute of Information Technology Hyderabad (IIITH) has entered a strategic partnership with Synergy Quantum India (SQ India) to establish the Synergy Quantum Solution Lab ([email protected]).,CACHE_IDENTITY_FALLBACK
c5fc39ec4ed0b6a67c90::c0000,A line drawing of the Internet Archive headquarters building façade. An illustration of a magnifying glass. An illustration of a magnifying glass.,CACHE_IDENTITY_FALLBACK
bd6652035b25d2934282::c0000,Dear Readers: It’s mid-summer which means it’s time for my semi-annual roundup of caregiver and elder-friendly products services information and technology. Links are provided with each ...,CACHE_IDENTITY_FALLBACK
062c4fd681ca899665b3::c0000,Despite challenges such as inadequate infrastructure limited access to capital and a dearth of skilled workers Nigerian entrepreneurs are making strides in developing technology solutions for ...,CACHE_IDENTITY_FALLBACK
57fb93303a9d3e169262::c0000,The new division combines the enterprise services technology team and the core ... As part of the new structure APRA chief information officer Doug Jenkins will now report to Young instead ...,CACHE_IDENTITY_FALLBACK
8dbd50499a511691151c::c0000,ServiceNow has this week revealed how it is planning to capitalize on the recent rapid advancements seen in the field of generative AI using large language models (LLMs) - showcasing some of the potential use cases live on stage during its second Knowledge 2023 keynote in Las Vegas this week.,CACHE_IDENTITY_FALLBACK
b31a6d40950f77b9dc72::c0000,Senior officials from the Ministry of Electronics and Information Technology and the National ... led to NASA''s Commercial lunar payload services project” he said. The NASA administrator ...,CACHE_IDENTITY_FALLBACK
4f9a42547a4cb82140e6::c0000,BroadStar the fastest Internet provider in Florida with Internet speeds starting at a minimum of 2 Gbps up-and-down is upgrading its network with IP Infusion''s award-winning IP Infusion bundles. This integrates pre-loaded OcNOS®,CACHE_IDENTITY_FALLBACK
4b6ebe654af9672ef7ca::c0000,DirecTV » More Details FuboTV » Widest Sports Coverage More Details Netflix: Netflix earns the No. 1 spot in our Best Streaming Services of 2023 rating and in our rating of the Best Anime ...,CACHE_IDENTITY_FALLBACK
64049a4f106d85d5c6d0::c0000,No industry is untouched by the developments that technology is building. Education is one of them and the last couple of years have witnessed the educational framework taking a diagonal shift.,CACHE_IDENTITY_FALLBACK
fb0a4f3af474c344139e::c0000,In his previous stint he headed the fulfilment and marketplace team at Grab Holdings a Nasdaq-listed application-based transportation grocery food and parcel delivery services platform ... for electronics and information technology.,CACHE_IDENTITY_FALLBACK
127fbbd7afb3d21b8f46::c0000,Claroty the cyber-physical systems protection company today announced it has further expanded its footprint within the ServiceNow ecosystem by releasing a new set of native integrations leveraging the Service Graph Connector (SGC) and Vulnerability Response (VR) infrastructure.,CACHE_IDENTITY_FALLBACK
4342b297c498728c5864::c0000,It’s this push to digitize the operations of an organization” said Vsimple co-founder and CEO Buddy Bockweg about what has been driving his company''s steady revenue growth over the last two years. Stephen P.,CACHE_IDENTITY_FALLBACK
4c421ad2eebb0a46f728::c0000,regulation and enforcement as well the technology underpinning the services. DeFi services that fail to comply with these obligations to prevent money laundering and terrorism financing pose the ...,CACHE_IDENTITY_FALLBACK
6792bdee2801594cd853::c0000,KYY a leading manufacturer at the forefront of external display monitor technology proudly unveils two exceptional triple display monitors the X90A and X90 offering users enhanced visual experiences for work and entertainment.,CACHE_IDENTITY_FALLBACK
0857214eada5f4bc8f3b::c0000,A group of bio-engineers at Philips Research has developed a tiny magnetic tracking and sensing device that uses magneto-mechanical resonators to provide feedback. In their study reported in the journal Science,CACHE_IDENTITY_FALLBACK
c348daa0a79b96afab38::c0000,The latest release of Synkrato Digital Twin and AI-Driven Logistics introduces new capabilities for warehouse optimization using an AI-based algorithm. SANTA CLARA Calif. March,CACHE_IDENTITY_FALLBACK
50d4814b02921aac09ce::c0000,Syndio the world''s leading workplace equity analytics platform announced a new partnership today with global Fintech leader Broadridge Financial Solutions (NYSE: BR). The company is employing Syndio’s technology to better enable the critical steps of measuring and deepening their commitment to pay equity.,CACHE_IDENTITY_FALLBACK
1e5a2e2af17af23526ed::c0000,Acquisition Extends Apogee Networking and IT Expertise into Secure Cloud Services Building on Commitment to be the Managed Technology Services Partner of Choice for Colleges and Universities News ...,CACHE_IDENTITY_FALLBACK
1bbcf86c636383a87c17::c0000,The center will cater to the state’s SMMs and OEMs providing them with the tools and services needed to strengthen their supply chains.,CACHE_IDENTITY_FALLBACK
3eb3bbec9f72d4fc392e::c0000,"While the initial phase focuses on 6'"" SiC material supply Resonac will also support Infineon’s transition to 8'"" wafer-diameter during the later years of the agreement. As part of the cooperation Infineon will provide Resonac with intellectual property relating to SiC material technologies.",CACHE_IDENTITY_FALLBACK
fe34ec9a3ba086639dfc::c0000,June 08 2023--(BUSINESS WIRE)--Alight Inc. (NYSE: ALIT) a leading cloud-based human capital and technology services provider today announced the launch of enhanced services to help employees and families navigate complex behavioral health concerns.,CACHE_IDENTITY_FALLBACK
fcb55236208141c41457::c0000,The Executive Director of Proven Trusted Solutions Joseph Akossey has said prioritising the needs of customers and deployment of technological innovations within the financial services sector can help industry players gain competitive edge.,CACHE_IDENTITY_FALLBACK
130de0c65178d9299f11::c0000,Verified Market Reports study on the Global Managed Information Services Market provides users ... a multitude of industries including Energy Technology Manufacturing and Construction Chemicals ...,CACHE_IDENTITY_FALLBACK
ea36c8b42f479ff0adf5::c0000,The best performing sector as of midday Thursday is the Technology & Communications ... BNK Invest Inc. provides investment services and information. BNK Invest owns and operates a market news ...,CACHE_IDENTITY_FALLBACK
b4f204174211c3ba1aca::c0000,There are a lot of unnecessary alerts our smart devices send us day to day—but when it comes to smoke and carbon monoxide detectors the more information the better. Fortunately intelligent smoke and CO alarms come with an array of instructive (and convenient) features.,CACHE_IDENTITY_FALLBACK
f9a0cbff366ebcebc24f::c0000,New data shows that remote patient monitoring adoption spiked between 2019 and 2022 with high usage among internal medicine cardiology and family practice providers.,CACHE_IDENTITY_FALLBACK
d95864db5fb5459c4058::c0000,The state Controlling Board on Monday approved $806247 in funding for improvements and renovations to several STEM science labs at YSU.,CACHE_IDENTITY_FALLBACK
3af4d51c5a4faf4be785::c0000,Air cargo charter expert CharterSync is celebrating four years of air cargo charter disruption by becoming the first air cargo charter company,CACHE_IDENTITY_FALLBACK
6d96febb6d04ceffd636::c0000,For more information on OSI Systems or any of its subsidiary companies visit www.osi-systems.com. News Filter: OSIS-G Forward-Looking Statements This press release contains forward-looking ...,CACHE_IDENTITY_FALLBACK
f9211f06d503f61f9f0e::c0000,SYNLAB invests in innovative Healthcare Centre in Florence strengthening its position as leading diagnostic services provider in Italy. SYNLAB invests 8 million to build a new 40,CACHE_IDENTITY_FALLBACK
9df9e7106d0d43bf3c65::c0000,Symetri creates and provides technology solutions and services for design engineering construction and manufacturing businesses. Symetri empowers people to work smarter for a better future by ensuring they have access to the expertise and technology ...,CACHE_IDENTITY_FALLBACK
472078c40e5bc2233c3e::c0000,The Human Services Technology Addiction and Recovery Studies concentration prepares students to assist in drug and alcohol counseling prevention-oriented educational activities rehabilitation with recovering clients managing community-based programs ...,CACHE_IDENTITY_FALLBACK
fa88609ec633ef0c9c93::c0000,(WWLP) – The Massachusetts Department of Development Services (DDS) which serves those in need with disabilities relocated to a renovated office space inside Springfield Technology Park.,CACHE_IDENTITY_FALLBACK
c4eef9710b0e584969b2::c0000,Data from the Department of Health and Human Services reportedly shows that 4890 out of 14600 calls made to migrant children and their sponsors went unanswered between January and May of this year.,CACHE_IDENTITY_FALLBACK
3f6a225926a54eb7a453::c0000,Recognizing an industry need for effective aseptic filling solutions a group of independent companies recently came together to assess the performance of innovative aseptic filling technology ... policy for more information about our services how we ...,CACHE_IDENTITY_FALLBACK
c8b63d9a957425d78ee7::c0000,attendees will have the opportunity to discover leading products and services from over 300 vendors. From an immersive lobby walk-through all the way to a sample guest room with technology demos ...,CACHE_IDENTITY_FALLBACK
c8103d8f650a6b0dd81c::c0000,The primary objective of this partnership is to create economically viable quantum technologies and explore their potential applications in military and civilian domains.,CACHE_IDENTITY_FALLBACK
91176b06a6ca64c50933::c0000,Tech companies have slashed hundreds of thousands of jobs flooding the labor market with skilled talent who are competing for the same positions.,CACHE_IDENTITY_FALLBACK
98a29288a380434fe2cb::c0000,EY Global Delivery Services (GDS) recently announced the appointment of Samantha Rajapaksa as the Location and Consulting Leader at EY GDS Sri Lanka. Samantha is a highly accomplished professional with over three decades of both local and international experience in various business landscapes,CACHE_IDENTITY_FALLBACK
74839b7ba28eafdf9eb5::c0000,The technology sector is vast comprising gadget makers software developers wireless providers streaming services semiconductor companies and cloud computing providers to name just a few.,CACHE_IDENTITY_FALLBACK
39a1c988d1531ed90976::c0000,(The Center Square) – In Person County local officials used the county’s Geographic Information System to streamline the process for installing and fixing road signs. The same technology was used to build collaboration between city and county ...,CACHE_IDENTITY_FALLBACK
b2fc48c78ba15f1f7f33::c0000,One of the most important components of any successful merger or acquisition (M&A) is the timely integration of two separate technology networks. Combining them into a highly functional networked technology infrastructure keeps the new business entity ...,CACHE_IDENTITY_FALLBACK
609d4bb5fd274e0ae09e::c0000,Damascus SANA- Minister of Communications and Technology Iyad al-Khatib discussed on Thursday with Iran’s Minister of Information ... improving communication services in Syria and completing ...,CACHE_IDENTITY_FALLBACK
263894d0665cf505caf8::c0000,"Investopedia / Nez Riaz The goods and services tax (GST ... Government of Canada. '""General Information for GST/HST Registrants.'"" Prince Edward Island Canada. '""Backgrounder: Harmonized Sales ...",CACHE_IDENTITY_FALLBACK
914dda9bf5da53b8f0ee::c0000,PSG part of Dover (NYSE: DOV) and a global pump metering and dispensing-solution expert today announced the launch of its new BioProTT™ FlowSU System and updated SumoFlo® CPFM-8103 Single-Use Coriolis Mass Flow Meter technologies.,CACHE_IDENTITY_FALLBACK
951a3c9eb3e42ebee74e::c0000,One example is the recent partnership between Biz Technology Solutions (News - Alert) (BTS) and New Charter Technologies. This new partnership enables BTS to offer a wider range of expert services access to advanced technologies and the ability to scale ...,CACHE_IDENTITY_FALLBACK
cafdfba9ce2f2ecd4c62::c0000,We are confident that with a little guidance and practice you can get the hang of any technology you want to learn. And we are here as a resource for you every step of the way! Let’s take a look at some of our favorite tech services for seniors.,CACHE_IDENTITY_FALLBACK
50df551d56bef051ffd6::c0000,The Libyan Export Promotion Centre (LEPC) has announced that the Libya Exhibition for Export of Communications and Information Technology Services 2023 (ECITS) will now be held from 20 to 22 February at Tripoli Sports City. It will be recalled that Libya ...,CACHE_IDENTITY_FALLBACK
a3257fd6c94538cc3bb0::c0000,HOUSTON July 31 2023 /PRNewswire/ -- AutomationEdge a leading Hyperautomation platform has announced strategic partnership with eAlliance Corp a cutting-edge Hyperautomation solutions provider.,CACHE_IDENTITY_FALLBACK
cac9504aecf2e4122f70::c0000,National security adviser Jake Sullivan said Sunday that the Chinese hackers who breached email accounts of multiple U.S. government agencies did not get any classified federal information.,CACHE_IDENTITY_FALLBACK
5df01957669271898f88::c0000,Researchers from Children's Hospital of Philadelphia (CHOP) and Drexel University were able to analyze 53 million patient notes from more than 1.5 million individual patients to identify ...,CACHE_IDENTITY_FALLBACK
507cb1d4df0e8164f725::c0000,Going forward Biognosys’ biomarker and biopharma customers will benefit from additional services and footprint in the US. Biognosys will access Bruker’s leading 4D proteomics timsTOF technology ... For more information visit www.biognosys.com.,CACHE_IDENTITY_FALLBACK
cefe7084c22ea2ca0ace::c0000,Our report on the Global Green Information Technology (IT) Services market provides key insights into the current market trends growth opportunities and challenges in the industry. Our analysis ...,CACHE_IDENTITY_FALLBACK
39768e8c3b99dc1c6c4d::c0000,If you want to know who really controls Information Services Group Inc. (NASDAQ:III) then you''ll have to look at the makeup of its share registry. With 57% stake institutions possess the maximum shares in the company. That is the group stands to ...,CACHE_IDENTITY_FALLBACK
5b42317bfb58cd89a541::c0000,As a result farmers in rural areas can connect to digital services that allow them to receive valuable and accurate information such ... the power of satellite technology and services with ...,CACHE_IDENTITY_FALLBACK
104393b197a54876f491::c0000,Integrated Water Services Inc. (“IWS”) a leading provider of water and wastewater treatment solutions recently acquired Hyperion International Technologies a developer of industrial control systems for the water sector.,CACHE_IDENTITY_FALLBACK
4fd16d64cc04c32e4db0::c0000,The company released its automated and customizable transfer system for consumer packaged goods (CPG) companies.,CACHE_IDENTITY_FALLBACK
a275f4f53d8d1a7d173e::c0000,Chiron''s team of skilled investigators employs cutting-edge cybersecurity technology ... For more information on Chiron Investigations'' cryptocurrency recovery services potential users can ...,CACHE_IDENTITY_FALLBACK
9c13e3a847465ab9b5cc::c0000,ServIQ provides multivendor data center support for some of the world''s largest brands and Fortune 500 companies. In addition to over 19 years of industry experience ServIQ brings a team of talented sales,CACHE_IDENTITY_FALLBACK
595b8e7bc210614377a8::c0000,Dana Miranda is a certified educator in personal finance (CEPF) who has been writing and editing since 2011 covering personal finance careers and digital media. She’s written about work and ...,CACHE_IDENTITY_FALLBACK
2a522e6eed7bc68fb716::c0000,Fintel reports that on April 27 2023 Stephens & Co. reiterated coverage of Stewart Information Services (NYSE:STC) with a Overweight recommendation. As of April 24 2023 the average one-year ...,CACHE_IDENTITY_FALLBACK
26d48c5b5ae83d527775::c0000,He's active in the business every day and influences company direction and has a distinct interest in technology. The company has been ... fit since situational awareness solutions and real-time information-gathering software are something that you ...,CACHE_IDENTITY_FALLBACK
4e0691650d7bd92872a5::c0000,About Parks Associates Parks Associates a woman-founded and certified business is an internationally recognized market research and consulting company specializing in emerging consumer technology products and services. Founded in 1986 Parks Associates ...,CACHE_IDENTITY_FALLBACK
a7a8a5531a30bc5c7fbb::c0000,"Synchron is part of an emerging crop of companies testing technology in the brain-computer interface industry. The system is implanted through the blood vessels and allows patients to operate technology using only their minds. '""It helps them engage in ways ...",CACHE_IDENTITY_FALLBACK
4fd28312f8af00f8a00e::c0000,Ten monitors and a weather station will be placed in public spaces near three businesses — Darling Ingredients Wiechman Pig Company and a Pine Ridge Farms pork packing plant — that city officials believe are the biggest odor offenders.,CACHE_IDENTITY_FALLBACK
dffbcbbf8effb5ceb170::c0000,"Saison Information Systems Co. Ltd. (TYO:9640 hereafter '""Saison Information Systems'"")) is proud to announce that it donated 1% of its operating income to several nonprofits that are aligned with its",CACHE_IDENTITY_FALLBACK
c529d3b8a38f6ead8606::c0000,“Through this landmark transaction we elevate our information technology and engineering ... improved provider of essential services to federal customers.” DLH financed the acquisition ...,CACHE_IDENTITY_FALLBACK
e8bba5749f22a824d36b::c0000,(SAUL LOEB/AFP via Getty Images) The General Services Administration (GSA) has appointed a new deputy director of the agency’s Technology Transformation Services division. Mukunda Penugonde joined TTS in the role on April 10 joining from the private ...,CACHE_IDENTITY_FALLBACK
209d20b919b55387b959::c0000,Administrative and Support Services Technology Information and Media and Accommodation. These sectors offer promising opportunities for individuals with bachelor''s degrees. Even for those without a bachelor''s degree there is a rise in job prospects in ...,CACHE_IDENTITY_FALLBACK
dad8bb4d0a1133215ff2::c0000,The U.S. General Services Administration (GSA ... Most recently she supported the Chief Technology and Information Officer in the U.S. Space Force. Prior to that Antonia supported various leaders in the Department of Veterans Affairs’ Office of ...,CACHE_IDENTITY_FALLBACK
d2f10b6eb420a221b002::c0000,NASHVILLE Tenn. Dec. 8 2022 /PRNewswire/ -- CereCore today announced they are expanding their healthcare information technology (IT) services including electronic patient record (EPR ...,CACHE_IDENTITY_FALLBACK
9327e9c95eaa66cb4b94::c0000,May 15 (Reuters) - OpenAI is preparing to release a new open-source language model to the public The Information reported on Monday citing a person with knowledge of the plan. OpenAI''s ChatGPT ...,CACHE_IDENTITY_FALLBACK
bbf7fe5d6b504c8f783c::c0000,Looking at the sectors faring worst as of midday Wednesday shares of Services companies are underperforming ... The next worst performing sector is the Technology & Communications sector higher ...,CACHE_IDENTITY_FALLBACK
0ab8bb0c21aa0264e5bb::c0000,The pharmacist Tho Nguyen used to work in a clinical lab for tropical diseases in Vietnam. She realized that she was working… Research story/portrait Studying our health using the annual rings of trees Weather data is only available for about the past ...,CACHE_IDENTITY_FALLBACK
0e422b7481dce69123cb::c0000,This includes policy on fintech fintech developments and transformation initiatives in the financial services sector—like cryptocurrency blockchain and distributed ledger technology.,CACHE_IDENTITY_FALLBACK
3ece951fbff58b6694fd::c0000,FSi Strategies a leading provider in Managed IT Services and Professional IT Services is excited to announce the release of its Get Help app designed to provide clients with,CACHE_IDENTITY_FALLBACK
7518983875956cf9c51e::c0000,CoolSys which is backed by Ares Management has acquired 1GNITE a Frisco Texas-based provider of used asset recovery solutions for mid-sized and large corporations. No financial terms were disclosed. CoolSys is a provider of sustainable refrigeration HVAC energy and engineering solutions.,CACHE_IDENTITY_FALLBACK
7496bcde9a5479d32155::c0000,In fact you don’t need to understand any technology at all. You just need to understand the essential questions answers and evolutions across the various aspects of information management and regarding the role information plays and will play in your ...,CACHE_IDENTITY_FALLBACK
1fc446f40edc2a5becfd::c0000,The services are the culmination of more than 10 years of research development and testing by the two companies. After pouring billions of dollars into the technology both say they will soon ...,CACHE_IDENTITY_FALLBACK
c7cee2c9179fa770884c::c0000,This will serve as an opportunity for businesses to reassess the course of their business by leveraging the power of technology ... their ability to extract information from a variety of telemetry ...,CACHE_IDENTITY_FALLBACK
58adb123d233f17cd7eb::c0000,Once the added sensorability infrastructure/backbone is in place location services are easily added on top of it allowing healthcare organizations to know where every piece of critical inventory is located at all times. From infusion devices to EKG ...,CACHE_IDENTITY_FALLBACK
54b41f69ddb15bec3c4d::c0000,Symbiotic generates most of its revenue from Walmart. It’s relying on a new joint venture with its other big backer SoftBank to diversify its top line away from Walmart. Its insiders are still net sellers as it consistently dilutes its own shares ...,CACHE_IDENTITY_FALLBACK
181b0d81898358e6793d::c0000,The new set of contracts will deepen the long-term partnership on SiC material. According to the agreement Resonac will supply Infineon with SiC materials for the production of SiC semiconductors covering a double-digit share of the forecasted demand for the next decade.,CACHE_IDENTITY_FALLBACK
b0b5a7b5ef2083513119::c0000,CHARLOTTE AMALIE — The Department of Human Services (DHS) today announced that the first ... Quantitative surveys of Medicaid Providers Information Technology (IT) Professionals and Healthrelated Executives Qualitative interviews and focus groups ...,CACHE_IDENTITY_FALLBACK
a1f71811bd0ed672147f::c0000,The teacher is also a pioneer of technology and disability in Uganda which has raised awareness on what people with disabilities can do. “The children I taught have grown up to become important ...,CACHE_IDENTITY_FALLBACK
ad086ce259b4a5bfb0a2::c0000,Jason Snyder is currently the Chief Technology Officer at Harvard ... make sure the Commonwealth’s digital information is high quality and secure and that the people of Massachusetts have access to the services they need.” “The Commonwealth of ...,CACHE_IDENTITY_FALLBACK
89d87a7bc0fe426ec873::c0000,New Charter Technologies a portfolio company of Palo Alto-based private equity firm Oval Partners recently announced the partnership of Biz Technology Solutions Inc. (BTS) a managed IT provider based in Mooresville,CACHE_IDENTITY_FALLBACK
bd1d6d5ab568d8a62bf6::c0000,For now BharOS’s Private App Store Services or ‘PASS’ only allows trusted apps ... India’s Electronics and Information Technology Minister Ashwini Vaishnaw recently tested the OS on what looked like a Google Pixel device. Vaishnaw admitted that ...,CACHE_IDENTITY_FALLBACK
cff99781089196247006::c0000,Olivia Igbokwe-Curry Amazon Web Services Olivia Igbokwe-Curry is an experienced Government Affairs leader with a demonstrated history of working in the information technology and services industry. She''s skilled in Government Procurement State & Local ...,CACHE_IDENTITY_FALLBACK
bef5955953ad8b9538c1::c0000,HII has promoted a new chief information officer from the company''s own ranks in Chris Soong a nearly 25-year technology veteran ... of the site and the services we are able to offer.,CACHE_IDENTITY_FALLBACK
9455b5ed73fc59e6b5bd::c0000,Cass Information Systems Inc. (Nasdaq: CASS) a Des Peres-based provider of invoice payment and information services announced a promotion Friday to fill its top C-suite post.,CACHE_IDENTITY_FALLBACK
efbd0f0fd0120940ad30::c0000,When you talk of technology ... billing services? Let’s take a look. Telehealth is the practise of managing your health care and receiving medical care remotely by using internet information ...,CACHE_IDENTITY_FALLBACK
840090f7efb65b47d8cb::c0000,IT IS REPORTED that in a meeting between Civil War generals Grant and Sherman that Grant marveled at the technology they had at their disposal. With the steamboat railroad and the telegraph ...,CACHE_IDENTITY_FALLBACK
61a1c40b921f530a0072::c0000,CLogic the leading voice-enabling and cloud contact center solution for ServiceNow® today announced its gold-level sponsorship and participation in this year’s ServiceNow Knowledge 2023 conference hosted in Las Vegas (May 14 th -18 th ).,CACHE_IDENTITY_FALLBACK
0eee6420b8f8e3e48de5::c0000,"Syniverse '""the world''s most connected company'""® has been recognized as the leader in mobile roaming by Kaleido Intelligence for the third consecutive year and once again been named the top vendor for data and financial clearing.",CACHE_IDENTITY_FALLBACK
679f1d5e5d3f21d8e9e1::c0000,Expediency is key in resolving technology-related disputes ... theories or unexpected factual developments exchange that information. Provide preliminary damages contentions and support.,CACHE_IDENTITY_FALLBACK
2b70f26534cdf4d6db74::c0000,If you want to know who really controls Information Services Group Inc. (NASDAQ:III) then you''ll have to look at the makeup of its share registry. With 57% stake institutions possess the ...,CACHE_IDENTITY_FALLBACK
187e5a4c135f037e4847::c0000,The Department for Science Innovation and Technology has announced that the Geospatial Commission has launched a pilot in commercial Earth Observation for public sector bodies as it looks to unlock the use of EO in delivering services. Earth Observation ...,CACHE_IDENTITY_FALLBACK
